{
  "IcoMoonType": "selection",
  "icons": [
    {
      "icon": {
        "paths": [
          "M0 128v384h256c0 141.12-114.752 256-256 256v128c211.744 0 384-172.256 384-384v-384h-384zM640 128v384h256c0 141.12-114.752 256-256 256v128c211.744 0 384-172.256 384-384v-384h-384z"
        ],
        "attrs": [
          {}
        ],
        "isMulticolor": false,
        "isMulticolor2": false,
        "tags": [
          "right-quote",
          "quote"
        ],
        "grid": 16
      },
      "attrs": [
        {}
      ],
      "properties": {
        "order": 1,
        "id": 1,
        "prevSize": 32,
        "code": 59648,
        "name": "right-quote"
      },
      "setIdx": 0,
      "setId": 21,
      "iconIdx": 0
    },
    {
      "icon": {
        "paths": [
          "M1024 896v-384h-256c0-141.12 114.752-256 256-256v-128c-211.744 0-384 172.256-384 384v384h384zM384 896v-384h-256c0-141.12 114.752-256 256-256v-128c-211.744 0-384 172.256-384 384v384h384z"
        ],
        "attrs": [
          {}
        ],
        "isMulticolor": false,
        "isMulticolor2": false,
        "tags": [
          "left-quote",
          "quote"
        ],
        "grid": 16
      },
      "attrs": [
        {}
      ],
      "properties": {
        "order": 2,
        "id": 0,
        "prevSize": 32,
        "code": 59649,
        "name": "left-quote"
      },
      "setIdx": 0,
      "setId": 21,
      "iconIdx": 1
    },
    {
      "icon": {
        "paths": [
          "M0 192v128h768v-128h-768zM0 576h768v-128h-768v128zM0 832h768v-128h-768v128z"
        ],
        "width": 768,
        "attrs": [],
        "isMulticolor": false,
        "isMulticolor2": false,
        "tags": [
          "three-bars"
        ],
        "defaultCode": 61534,
        "grid": 16
      },
      "attrs": [],
      "properties": {
        "id": 166,
        "order": 28,
        "prevSize": 32,
        "code": 61534,
        "name": "three-bars"
      },
      "setIdx": 1,
      "setId": 20,
      "iconIdx": 165
    },
    {
      "icon": {
        "paths": [
          "M640 320l-128-128-192 192-192-192-128 128 192 192-192 192 128 128 192-192 192 192 128-128-192-192 192-192z"
        ],
        "width": 640,
        "attrs": [],
        "isMulticolor": false,
        "isMulticolor2": false,
        "tags": [
          "x"
        ],
        "defaultCode": 61569,
        "grid": 16
      },
      "attrs": [],
      "properties": {
        "id": 176,
        "order": 29,
        "prevSize": 32,
        "code": 61569,
        "name": "x"
      },
      "setIdx": 1,
      "setId": 20,
      "iconIdx": 175
    },
    {
      "icon": {
        "paths": [
          "M925.714 233.143q-38.286 56-92.571 95.429 0.571 8 0.571 24 0 74.286-21.714 148.286t-66 142-105.429 120.286-147.429 83.429-184.571 31.143q-154.857 0-283.429-82.857 20 2.286 44.571 2.286 128.571 0 229.143-78.857-60-1.143-107.429-36.857t-65.143-91.143q18.857 2.857 34.857 2.857 24.571 0 48.571-6.286-64-13.143-106-63.714t-42-117.429v-2.286q38.857 21.714 83.429 23.429-37.714-25.143-60-65.714t-22.286-88q0-50.286 25.143-93.143 69.143 85.143 168.286 136.286t212.286 56.857q-4.571-21.714-4.571-42.286 0-76.571 54-130.571t130.571-54q80 0 134.857 58.286 62.286-12 117.143-44.571-21.143 65.714-81.143 101.714 53.143-5.714 106.286-28.571z"
        ],
        "width": 950.8560180664062,
        "attrs": [],
        "isMulticolor": false,
        "isMulticolor2": false,
        "tags": [
          "twitter"
        ],
        "defaultCode": 61593,
        "grid": 14
      },
      "attrs": [],
      "properties": {
        "name": "twitter",
        "id": 144,
        "order": 25,
        "prevSize": 32,
        "code": 61593
      },
      "setIdx": 12,
      "setId": 9,
      "iconIdx": 144
    },
    {
      "icon": {
        "paths": [
          "M548 6.857v150.857h-89.714q-49.143 0-66.286 20.571t-17.143 61.714v108h167.429l-22.286 169.143h-145.143v433.714h-174.857v-433.714h-145.714v-169.143h145.714v-124.571q0-106.286 59.429-164.857t158.286-58.571q84 0 130.286 6.857z"
        ],
        "width": 602.2870178222656,
        "attrs": [],
        "isMulticolor": false,
        "isMulticolor2": false,
        "tags": [
          "facebook",
          "facebook-f"
        ],
        "defaultCode": 61594,
        "grid": 14
      },
      "attrs": [],
      "properties": {
        "name": "facebook, facebook-f",
        "id": 145,
        "order": 6,
        "prevSize": 32,
        "code": 61594
      },
      "setIdx": 12,
      "setId": 9,
      "iconIdx": 145
    },
    {
      "icon": {
        "paths": [
          "M199.429 357.143v566.286h-188.571v-566.286h188.571zM211.429 182.286q0.571 41.714-28.857 69.714t-77.429 28h-1.143q-46.857 0-75.429-28t-28.571-69.714q0-42.286 29.429-70t76.857-27.714 76 27.714 29.143 70zM877.714 598.857v324.571h-188v-302.857q0-60-23.143-94t-72.286-34q-36 0-60.286 19.714t-36.286 48.857q-6.286 17.143-6.286 46.286v316h-188q1.143-228 1.143-369.714t-0.571-169.143l-0.571-27.429h188v82.286h-1.143q11.429-18.286 23.429-32t32.286-29.714 49.714-24.857 65.429-8.857q97.714 0 157.143 64.857t59.429 190z"
        ],
        "width": 877.7139511108398,
        "attrs": [],
        "isMulticolor": false,
        "isMulticolor2": false,
        "tags": [
          "linkedin"
        ],
        "defaultCode": 61665,
        "grid": 14
      },
      "attrs": [],
      "properties": {
        "name": "linkedin",
        "id": 199,
        "order": 24,
        "prevSize": 32,
        "code": 61665
      },
      "setIdx": 12,
      "setId": 9,
      "iconIdx": 199
    },
    {
      "icon": {
        "paths": [
          "M438.857 182.857v402.286q0 59.429-23.143 113.429t-62.571 93.429-93.429 62.571-113.429 23.143h-36.571q-14.857 0-25.714-10.857t-10.857-25.714v-73.143q0-14.857 10.857-25.714t25.714-10.857h36.571q60.571 0 103.429-42.857t42.857-103.429v-18.286q0-22.857-16-38.857t-38.857-16h-128q-45.714 0-77.714-32t-32-77.714v-219.429q0-45.714 32-77.714t77.714-32h219.429q45.714 0 77.714 32t32 77.714zM950.857 182.857v402.286q0 59.429-23.143 113.429t-62.571 93.429-93.429 62.571-113.429 23.143h-36.571q-14.857 0-25.714-10.857t-10.857-25.714v-73.143q0-14.857 10.857-25.714t25.714-10.857h36.571q60.571 0 103.429-42.857t42.857-103.429v-18.286q0-22.857-16-38.857t-38.857-16h-128q-45.714 0-77.714-32t-32-77.714v-219.429q0-45.714 32-77.714t77.714-32h219.429q45.714 0 77.714 32t32 77.714z"
        ],
        "width": 950.8569793701172,
        "attrs": [],
        "isMulticolor": false,
        "isMulticolor2": false,
        "tags": [
          "quote-right"
        ],
        "defaultCode": 61710,
        "grid": 14
      },
      "attrs": [],
      "properties": {
        "name": "quote-right",
        "id": 242,
        "order": 27,
        "prevSize": 32,
        "code": 61710
      },
      "setIdx": 12,
      "setId": 9,
      "iconIdx": 242
    }
  ],
  "height": 1024,
  "metadata": {
    "name": "icomoon"
  },
  "preferences": {
    "showGlyphs": true,
    "showQuickUse": true,
    "showQuickUse2": true,
    "showSVGs": true,
    "fontPref": {
      "prefix": "icon-",
      "metadata": {
        "fontFamily": "icomoon"
      },
      "metrics": {
        "emSize": 1024,
        "baseline": 6.25,
        "whitespace": 50
      },
      "embed": false
    },
    "imagePref": {
      "prefix": "icon-",
      "png": true,
      "useClassSelector": true,
      "color": 0,
      "bgColor": 16777215,
      "classSelector": ".icon"
    },
    "historySize": 100,
    "showCodes": true,
    "gridSize": 16
  }
}